{"mean": [-3.1696447978989823, 1.3379855293634013, 0.2987971649502395, 0.45936208207653123, 0.1353143953956002, 0.18814155129152574, 0.11036443932258326, 0.11543614313154561, -0.0565221295687167, 0.12188623624490534, -0.015463677952133908, 0.05446369078697818, 0.010645597545422764, 0.05670259911543988, 0.037979990851053365, 0.1221126343639647, 0.018849799404008955, 0.06941726187427869, 0.06525989745995796, 0.02533988966787893, -0.013613576190525178, 0.022818828446179325, -0.022918549231088825, 0.037544914648845996, 0.007702167551916419, 0.004093900562077763, -0.02912571659539693, 0.0018125715450384725, -0.0004188175975200475, -0.0011413842540964859, -0.015190217976971544], "std": [1.7983479379213414, 0.804892665133475, 0.3672573860056232, 0.2766096545512, 0.26878212620405595, 0.23583208536804076, 0.16904530651989813, 0.16391579751809482, 0.1893262420589684, 0.13599439665443225, 0.16103477246581227, 0.1375001324639127, 0.12464935886117634, 0.13245414381814077, 0.10443386141145355, 0.11549745147789, 0.09872322486527912, 0.10545200622960559, 0.09130821537951422, 0.10344495064086595, 0.09370411371615733, 0.08594518888760568, 0.08315304523440196, 0.07973373597833236, 0.06713785971088616, 0.07556168297378535, 0.0733828267306036, 0.06794192640409308, 0.06388266157188899, 0.06468216156566667, 0.060652242193804155]}