{"mean": [-3.148793219500105, 1.3386332017322151, 0.2973991106817371, 0.46052848491064247, 0.13466755709022923, 0.18797770301652195, 0.10977147353587309, 0.11523829070188009, -0.05816629051649734, 0.12195012830206756, -0.016601975140557685, 0.05442988136303384, 0.009956369832962633, 0.05643764826314101, 0.037866150092175845, 0.12256109190423324, 0.018409948612918035, 0.06960957597824302, 0.06520970345312521, 0.025061705732911912, -0.014240210389005473, 0.02263410788952459, -0.023463181857029107, 0.037607331548654734, 0.007564256152996874, 0.003888419419646785, -0.02965591330373048, 0.0016155347579057792, -0.0005878131832272733, -0.0012936355840577538, -0.015458938858387582], "std": [1.7944249886140518, 0.8082471261683036, 0.368645824677238, 0.2776079925232303, 0.2696369720608016, 0.2368636858353812, 0.16957969367797932, 0.16451454102038718, 0.18938259656262535, 0.13642988533693276, 0.16136175262832772, 0.13795681114590003, 0.12493171132244614, 0.13291755447856798, 0.10474723195878481, 0.11579054373827989, 0.09891325374725939, 0.10576512376910688, 0.09152153575910653, 0.10375672393201275, 0.09379155071818121, 0.08616100146703544, 0.08321099027327566, 0.07992004114628162, 0.06723166527639124, 0.07573029338321052, 0.07338686550990481, 0.06806620849698834, 0.06395916027937457, 0.06475322857537665, 0.06070872979425718]}